<?xml version="1.0" encoding="UTF-8"?>
<project-private xmlns="http://www.netbeans.org/ns/project-private/1">
    <editor-bookmarks xmlns="http://www.netbeans.org/ns/editor-bookmarks/2" lastBookmarkId="0"/>
    <open-files xmlns="http://www.netbeans.org/ns/projectui-open-files/2">
        <group>
            <file>file:/C:/Users/SARA/Documents/NetBeansProjects/Repositorycss/TCMDef/src/Controller/TelaPrincipalController.java</file>
            <file>file:/C:/Users/SARA/Documents/NetBeansProjects/Repositorycss/TCMDef/src/Dao/MediasDao.java</file>
            <file>file:/C:/Users/SARA/Documents/NetBeansProjects/Repositorycss/TCMDef/src/Controller/TelaHistoricoController.java</file>
        </group>
    </open-files>
</project-private>
